Title,Price,Rating,Sold
,4.29 to $4.99,10219444,91
[Europe/EU] [INSTANT] Primogems Fates Genshin Impact Reroll Starter Account,19.95,123,499
New ListingSengoku Basara Samurai Heroes Sony PS3 COMPLETE Buy 1 Get 1 25% OFF Free Ship,29.69,27111998,116
"18 in 1 Nintendo 64 Multi-Cart | Mario Party 1, 2, and 3 | US Seller",4.29,29222002,55
[Europe/EU] [INSTANT] Primogems Fates Genshin Impact Reroll Starter Account,5.99,52009,
New ListingCIB FOOTBALL MADDEN NFL 2006 SONY PLAYSTATION 2 PS2 VIDEO GAME,8.95,31,70
New ListingDishonored Game of the Year Edition Sony PS3 Complete Buy 1 Get 1 25% OFF,15.99,1292360,
New ListingCIB SONIC MEGA COLLECTION NINTENDO GAMECUBE VIDEO GAME >PLAYERS CHOICE 7 IN 1,29.98,1200011999,
New ListingPS4: RED DEAD REDEMPTION II - VIDEO GAME AND STEELBOOK,3.99,1122,
New ListingCIB FOOTBALL MADDEN NFL 2004 SONY PLAYSTATION 2 PS2 VIDEO GAME,80.00,25,
New Listingnintendo 3ds video game lot POKÉMON PAPER MARIO AND ANIMAL CROSSING,0.99,4932,
New ListingGRAN TURISMO 2 GT2 PLAYSTATION VIDEO GAME 2 DISCS ORIGINAL CASE MANUALS,5.99,6132360,
New ListingASSASSIN'S CREED IV BLACK FLAG PS3 SONY PLAYSTATION 3 VIDEO GAME >>>>NO MANUAL,6.99,1577,
New ListingCIB ESPN INTERNATIONAL WINTER SPORTS 2002 NINTENDO GAMECUBE VIDEO GAME,179.95,101360,
New ListingSega Dreamcast - Shenmue Limited Edition - Brand New Factory Sealed,11.95,81,
New ListingSaints Row 2 Disc Only Sony PlayStation 3 PS3 Buy 1 Get 1 25% OFF Free Ship,20.69,239641999,
Pokemon Radical Red Version V2.1 with randomizer! for the Gameboy Advance ,14.95,143602,
New ListingGrand Theft Auto 5 COMPLETE w/ MAP Sony 3 PS3 Buy 1 Get 1 25% OFF Free Ship,12.79,132,
New ListingMadden NFL 19 for PlayStation 4 PLAYSTATION 4(PS4) Video Game ,34.99,40,
New ListingGUITAR HERO SONY PLAYSTATION 2 PS2 VIDEO GAME >>IN BOX NO MANUAL,149.95,232360,
New ListingSega Dreamcast - Virtua Fighter 3tb - Brand New Factory Sealed,12.99,5360,
New ListingCIB FREESTYLE SONY PLAYSTATION 2 PS2 VIDEO GAME,6.79,5,
"New ListingWheel of Fortune PS1 (Sony PlayStation 1, 1998) Video Game Complete w/ Manual",10.00,10032,
New ListingTom Clancy's Ghost Recon Sony Playstation 2 PS2 Video Game 2002,13.00,45332016,
"Nintendo DS Sonny With A Chance 2009 Video Game Used w Cartridge, Box and Manual",8.00,801990,
New ListingSTAR WARS BATTLEFRONT SONY PLAYSTATION 2 PS2 VIDEO GAME >>IN CASE NO MANUAL ,14.99,,
New ListingLot Of 4 PS2 Football Games Madden 2001 2002 2003 2009 set  free shipping,22.35,,
New ListingSpy Hunter NES Nintendo Video Game Cartridge And Instruction Manual,9.95,,
New ListingPS3 Toy Story 3 Video Game Tested,24.95,,
New ListingMercenaries 2: World in Flames XBOX 360 Video Game With Manual & Case,19.99,,
"NBA ShootOut 2000 (Sony PlayStation 1, 1999) Video Game",7.99,,
800 in 1 DSP 2.5 Super Nintendo SNES Flash Multi Cartridge 8GB SD Card Like ED64,59.95,,
New ListingMonster Rancher Evo Sony PlayStation 2 PS2 Video Game Complete With Manual,75.00,,
New ListingSega JVC Wolfchild Region Free 1993 Action Adventures CD Video Game,35.00,,
New ListingCIB LEGO STAR WARS THE VIDEO GAME SONY PLAYSTATION 2 PS2,6.99,,
New ListingMINT Castlevania Classic NES Series (Nintendo Game Boy Advance) GBA Complete CIB,109.95,,
New ListingShin Megami Tensei IV (Nintendo 3DS) 2ds xl game,44.99,,
New ListingGears of War 2 Microsoft Xbox 360 Video Game With Manual & Case,14.99,,
Europe/EU Genshin Impact Diluc Eula Tartaglia Zhongli Xiao Klee Ganyu Albedo,1.49 to $149.99,,
New ListingMoral Kombat Komplete Edition Sony PlayStation 3 PS3 *CIB* Buy 1 Get 1 25% OFF,15.95,,
New ListingMax Payne 3 Sony PlayStation 3 PS3 COMPLETE Buy 1 Get 1 25% OFF Free Ship,14.95,,
New ListingNARUTO ULTIMATE NINJA 3 SONY PLAYSTATION 2 PS2 VIDEO GAME >>IN BOX NO MANUAL,19.99,,
New ListingForza 7 - Microsoft Xbox One,34.96,,
Xbox 360 Video Game Front Lines Fuel of War Game Used,9.99,,
Switch Limited Run Games #74 Blaster Master Zero 2 Region Free LRG,59.99,,
New ListingDora The Explorer Volume 1 (Game Boy Advance Video) GBA Authentic Tested ,8.99,,
"New ListingMario Party (Nintendo 64, 1999) Authentic, Working, Tested",44.99,,
New ListingMuramasa Rebirth Blessing of Amitabha Collector's Edition PS Vita - NO GAME,129.99,,
Xbox 360 Video Game Battle Field Bad Company 2 EA Games,9.99,,
New ListingStreet Hoops PS2 Sony Playstation New Factory Sealed ,44.99,,
New ListingThe Wild West (Nintendo DS) lite dsi xl 3ds 2ds game,47.99,,
America/NA Genshin Impact Diluc Eula Childe Xiao Ganyu Klee Hu Tao Zhongli Venti,1.49 to $149.99,,
New ListingThe Golden Compass Nintendo DS Video Game Complete Case Manual,6.00,,
New ListingOverwatch - Legendary Edition - Microsoft Xbox One,24.19,,
New ListingSupreme Commander 2 XBOX 360 Video Game With Manual & Case,11.99,,
New ListingMicrosoft Xbox 360 - Nickelodeon Dance - Brand New Factory Sealed,23.95,,
Sigma Star Saga (Nintendo Game Boy Advance | GBA ) Brand New Factory Sealed,110.00,,
New ListingResident Evil Revelations (Nintendo 3DS) 2ds xl game,24.99,,
"New ListingLEGO Marvel's Avengers (Sony PlayStation 3, PS3 2016)",19.96,,
New ListingCeasars Palace Gambling Simulation Big Box New Sealed,20.00,,
New ListingVintage Dr. Mario Nintendo Original Game Boy 1990 Video Game Cartridge Cart Only,9.95,,
"New ListingFuse (Sony PlayStation 3, PS3)",14.44,,
New ListingLittle Big Planet Game of Year Edition Sony PS3 COMPLETE Buy 1 Get 1 25% OFF ,9.95,,
New ListingDead Space 3 Sony PlayStation 3 PS3 COMPLETE Buy 1 Get 1 25% OFF Free Ship,13.95,,
,13.95,40,
New ListingDead Space 3 Sony PlayStation 3 PS3 COMPLETE Buy 1 Get 1 25% OFF Free Ship,13.95,47,
New ListingDark Souls Sony PlayStation 3 PS3 COMPLETE M  Buy 1 Get 1 25% OFF Free Ship,14.95,232360,
New ListingNinja Gaiden Sigma Sony PS3 Complete Techmo Buy 1 Get 1 25% OFF Free Ship,7.95,5360,
New ListingUncharted 3 Drake's Deception Game of Sony 3 PS3 Buy 1 Get 1 25% OFF Free Ship,24.19,5,
New ListingOverwatch - Legendary Edition - Microsoft Xbox One,15.99,10032,
Microsoft Xbox One Video Game - ReCore (New),11.99,45332016,
New ListingSupreme Commander 2 XBOX 360 Video Game With Manual & Case,23.95,801990,
New ListingMicrosoft Xbox 360 - Nickelodeon Dance - Brand New Factory Sealed,110.00,1252001,
Sigma Star Saga (Nintendo Game Boy Advance | GBA ) Brand New Factory Sealed,24.99,4,
New ListingResident Evil Revelations (Nintendo 3DS) 2ds xl game,19.96,23,
"New ListingLEGO Marvel's Avengers (Sony PlayStation 3, PS3 2016)",20.00,1021942018,
New ListingCeasars Palace Gambling Simulation Big Box New Sealed,9.95,2930360,
New ListingVintage Dr. Mario Nintendo Original Game Boy 1990 Video Game Cartridge Cart Only,14.44,178360,
"New ListingFuse (Sony PlayStation 3, PS3)",59.63,79,
Switch Limited Run Games #73 Blaster Master Zero Region Free LRG,9.95,892019,
Animal Corssing Horizons FULL SETS ALL DIY cards Full 640 ONLINE,99.99,502360,
New ListingVigilante TurboGrafx-16 1989 Factory New and Sealed Box Wear Box Shrink Damage,3.99,291994,
[JP] [INSTANT] Castoria + 2000+ SQ Fate Grand Order FGO Quartz Account,89.75,89332015,
"New ListingOddworld Collection - 3 Full Games! (Nintendo Switch, Physical) BRAND NEW SEALED",70.00,237360,
"New ListingLegend of Zelda: Oracle of Ages (Game Boy Color, 2001)",7.99,256,
New ListingCIB GUITAR HERO II SONY PLAYSTATION 2 PS2 VIDEO GAME,7.96,3811996,
New ListingPlaystation 3 PS3 Transformers Revenge of the Fallen Disc Only,9.99,12532013,
New ListingFROGGER'S ADVENTURES THE RESCUE SONY PLAYSTATION 2 PS2 VIDEO GAME,7.99,234,
New ListingCIB DUEL MASTERS SONY PLAYSTATION 2 PS2 VIDEO GAME,6.00,41,
Sony Playstation 3 Video Game Call of duty 4 Modern Warfare,23.96,9713602014,
New ListingSamurai Shodown - Microsoft Xbox One,25.96,1452008,
New ListingJump Force  - Microsoft Xbox One,50.00,14,
"New ListingMadden NFL 19 (PlayStation 4, 2018)",19.93,,
New ListingValkyria Chronicles 4 - Microsoft Xbox One,10.99,,
Vintage NES Nintendo Video Game Super Mario Bros Duck Hunt Combo 1985,10.00,,
New ListingDisney Infinity (3.0 Edition) (Xbox 360) Video Game,9.99,,
New ListingBatman: Arkham City XBOX 360 Video Game With Manual & Case,99.00,,
"New ListingNintendo Game Boy Advance; Golden Sun, Golden Sun : The Lost Age, VG, Tested",38.96,,
"New ListingCall of Duty: Modern Warfare (Xbox One, 2019)",4.40,,
"Star Citizen aUEC  5,000,000 Funds Ver 3.13.1 Alpha UEC",9.99,,
New ListingThe Elder Scrolls V: Skyrim - Xbox 360 Game - Complete Tested,14.75,,
"New ListingPitfall: The Mayan Adventure With Manual, Super Nintendo,1994 Authentic Original",9.75,,
"New ListingLEGO Dimensions PS3 (Sony PlayStation 3, 2015) Complete With Manual",9.95,,
New ListingFuse Sony PlayStation 3 PS3 Disc ONLY Buy 1 Get 1 25% OFF Free Ship,7.95,,
New ListingMotorStorm Sony PlayStation 3 PS3 Disc Only Buy 1 Get 1 25% OFF Free Ship,5.99,,
New ListingCIB FOOTBALL MADDEN NFL 2006 SONY PLAYSTATION 2 PS2 VIDEO GAME,9.99,,
New ListingMedal of Honor Limited Edition XBOX 360 Video Game With Manual & Case,11.96,,
New ListingMortal Kombat X - Microsoft Xbox One,13.50,,
New ListingElectronic Arts - NHL 10 [video game],7.99,,
New ListingLETHAL SKIES II SONY PLAYSTATION 2 PS2 VIDEO GAME >>IN BOX NO MANUAL,200.00,,
"Alien Trilogy (Sony PlayStation 1, 1996)",6.00,,
Sony Playstation 3 Video Game Sports Champion,8.50,,
"New ListingLEGO Marvel Super Heroes (Sony PlayStation 3, 2013) Complete With Manual",14.96,,
New ListingJust Cause 4 - Microsoft Xbox One,17.99,,
Playstation 1 One Video Game,6.00,,
Sony Playstation 2 Video Game Project eden ,5.99,,
New ListingCIB FOOTBALL MADDEN NFL 07 2007 SONY PLAYSTATION 2 PS2 VIDEO GAME,6.00,,
Sony Playstation 3 Video Game Assassins Creed 2,7.23,,
New ListingMedal of Honor: Rising Sun X BOX Action / Adventure (Video Game),2.99,,
"New ListingDestiny 1 (Microsoft Xbox 360, 2014) BUNGiE Activision one video game",5.95,,
New ListingCIB FOOTBALL MADDEN NFL 2003 SONY PLAYSTATION 2 PS2 VIDEO GAME,5.99,,
New ListingCIB FOOTBALL MADDEN NFL 2002 SONY PLAYSTATION 2 PS2 VIDEO GAME,5.99,,
"The World Ends with You (DS, 2008) GAME CARTRIDGE ONLY, CLASSIC RPG ROLE PLAYING",22.99,,
Microsoft Xbox 360 Assassin's Creed IV: Black Flag Video Game 2013,17.99,,
New ListingFortnite: Deep Freeze Bundle by Warner Bros Game Microsoft Xbox One,18.96,,
Nintendo Wii Fit Balance Board With Wii Fit Video Game,35.52,,
Spider-man 2 Playstation 2 Video Game PS2 Sony 2004 Complete Game Case Manual,44.95,,
New ListinginFAMOUS Sony PlayStation 3 PS3 COMPLETE Buy 1 Get 1 25% OFF Free Ship,10.95,,
,10.95,17320123,2877
New ListingKill Zone 3 Sony PlayStation 3 PS3  COMPLETE Buy 1 Get 1 25% OFF Free Ship,10.95,24136008,39
New ListingTekken 6 Sony PlayStation 3 PS3 Disc Only Buy 1 Get 1 25% OFF Free Ship,1.99,463602012,192
POKEMON SWORD AND SHIELD âœ¨ULTRA SHINYâœ¨ 6IV MASUDA JPN DITTO ðŸššFAST DELIVERYðŸšš,9.99,383602,
New ListingDark Souls II Sony PlayStation 3 PS3 Buy 1 Get 1 25% OFF Free Ship,120.00,482,
"New ListingYakuza: Dead Souls (Sony PlayStation 3, 2012) PS3 Brand New and Sealed",9.95,2393602006,
New ListingWii Fit Video Game Wii Rated E Nintendo Complete Buy 1 Get 1 25% OFF Free Ship,9.99,9,
Xbox 360 Video Game Madden 08,1.29 to $139.99,3074,
America/Europe Genshin Impact Diluc Venti Xiao Ganyu Hu Tao Klee Zhongli Albedo,12.99,392011,
"New ListingLEGO The Lord of the Rings (Microsoft Xbox 360, 2012)",5.00,2,
"Star Citizen aUECÂ  7,000,000 Funds Ver 3.13.1 Alpha UEC",11.99,8931002,
New ListingBURNOUT 3 TAKEDOWN SONY PLAYSTATION 2 PS2 VIDEO GAME >>>>IN BOX NO MANUAL G HITS,12.96,52206,
New ListingSoul Calibur VI - Microsoft Xbox One,19.25 to $103.67,63332014,
Star Citizen - Banu Merchantman Upgrade CCU,174.99,11992,
New ListingAlfred Chicken Game Boy ,8.99,202016,
Genuine Nintendo NES Xevious Video Game Cartridge - Cartridge Only,9.95,344,
New ListingDark Void Sony PlayStation 3 PS3 COMPLETE Rated T Buy 1 Get 1 25% OFF Free Ship,9.95,68217332016,
New ListingFracture Sony PlayStation 3 PS3 COMPLETE Rated T Buy 1 Get 1 25% OFF Free Ship,7.95,8512,
New ListingDead Island Sony PlayStation 3 PS3 COMPLETE M Buy 1 Get 1 25% OFF Free Ship,9.99,1519971,
Xbox 360 Video Game Battle Field Bad Company 2 Limited Edition,24.94,28111998,
New ListingResident Evil 2 - Microsoft Xbox One,9.99,13,
"New ListingTom Clancy's Ghost Recon Advanced Warfighter â€” Complete! (Xbox 360, 2006)",23.24,145,
New ListingMy Hero One's Justice - Microsoft Xbox One,9.99,464641997,
New ListingLot PS3 Video Games Call Of Duty Ghosts Black Ops IIl Battlefield 4 Pre-owned,3.99,4586464,
New ListingCIB FOOTBALL MADDEN NFL 2004 SONY PLAYSTATION 2 PS2 VIDEO GAME,4.99,,
New ListingCIB FOOTBALL MADDEN NFL 2005 SONY PLAYSTATION 2 PS2 VIDEO GAME,15.00,,
New Listing[ PS1 ] SILENT HILL - Classic Survival Horror - Sony Playstation JAPAN ,19.99,,
New ListingElder Scrolls V: Skyrim Special Edition PS4 Game. Barely Played NO SCRATCHES,22.99,,
New ListingThe Sims Medieval Limited Edition PC Game Complete 2011 Computer Game Expansion ,4.99,,
New ListingCIB JUMPER GRIFFIN'S STORY SONY PLAYSTATION 2 PS2 VIDEO GAME,2.99,,
New ListingCIB WORLD CHAMPIONSHIP POKER SONY PLAYSTATION 2 PS2 VIDEO GAME,12.99,,
Xbox Alias Game,19.99,,
"New ListingPredator, Game w/ Protective Sleeve, Nintendo NES",49.99,,
"New ListingSIMCITY Commodore 64 C64/128, Complete in Box, Wil Wright, FULLY TESTED & Works!",19.99,,
"New ListingJohn Madden NFL Football 93 Sega Genesis 100% Complete CIB w/ Poster, 2 Inserts",9.90,,
Microsoft Xbox 360 Mass Effect 2 & Prototype 2 Video Games Rated M Tested Works,12.95,,
New ListingSony Playstation 2 PS2 - Rugby 06 - Brand New Factory Sealed,675.00,,
"New ListingNIB PS3 Drakengard 3 Collector's Edition (Sony PlayStation 3, 2014) NEW, SEALED!",3.49,,
"New ListingThe Majors: Pro Baseball (Sega Game Gear, 1992)",1.45 to $159.99,,
"Genshin Impact [NA] Starter Account Eula Klee, Xiao Venti Ganyu HuTao Zhongli",15.00,,
Jim Henson's Muppets Gameboy Color Game,2.99,,
New ListingTouchmaster NINTENDO DS Strategy / Puzzle (Video Game) Authentic Complete,14.95,,
New ListingPC Game Lot,28.00,,
New ListingAladdin SNES Super Nintendo Game - Authentic Tested & Working!,1.00,,
HOARD! Complete Commodore Amiga F19 Stealth Fighter Video Game Computer System,59.99,,
New ListingAtari 2600 Demon Attack Brand New!!,35.96,,
"New ListingMetal Gear Solid V: Definitive Edition (Microsoft Xbox One, 2016)",49.75,,
New ListingThe Walking Dead Saints and Sinners VR Complete Edition (PlayStation 4 PSVR) ps4,45.75,,
"New ListingAlex Kidd in Miracle World DX w/ Keyring & Manual (Xbox 1 One, Series X) June 29",14.96,,
"New ListingNBA 2K17 Early Tip-Off Weekend (Sony PlayStation 3, PS3 2016)",59.99,,
New ListingAtari 2600 Cosmic Ark  Brand New!!,11.77,,
New ListingDestroy All Humans  1 & 2 Original XBox Games,0.99,,
New ListingGhost in the Shell 1997 Sony PlayStation PS1 NTSC Disc only Rare,5.99,,
New ListingFOOTBALL MADDEN NFL 08 2008 SONY PLAYSTATION 2 PS2 VIDEO GAME >>IN BOX NO MANUAL,39.99,,
Playstation Fantasic Four Video Game,50.00,,
New ListingTha Lion and the KIng,9.99,,
Xbox Shrek 2 game,67.99,,
New ListingEl Chavo Wii (Nintendo Wii) No Manual! Tested Working!,14.95,,
New ListingResident Evil Operation Racoon City Sony PS3 CIB Buy 1 Get 1 25% OFF Free Ship,14.98,,
"New ListingSpyro the Dragon Greatest Hits Edition (Playstation, PS1 1998)",29.95,,
Test Drive Le Mans  Sega Dreamcast video game  NEW Factory Sealed,38.99,,
New ListingAssassin's Creed Valhalla (PS4/PS5 Upgrade) Brand New Sealed,10.03,,
New ListingVtg N64 Video Game Cartridge MRC MultiRacing Championship Nintendo 64 1997 ,63.99,,
AUTHENTIC! Mario Kart N64 Nintendo 64 Game - Tested & Working!,,,
